{"cameraMode":{"drawMode":0,"name":"Shaded","section":"Shading Mode"},"sceneLighting":true,"audioPlay":false,"sceneViewState":{"m_AlwaysRefresh":false,"showFog":true,"showSkybox":true,"showFlares":true,"showImageEffects":true,"showParticleSystems":true,"showVisualEffectGraphs":true,"m_FxEnabled":true},"in2DMode":false,"pivot":{"x":-23.146909713745118,"y":8.413616180419922,"z":2.9786219596862795},"rotation":{"x":0.11007671058177948,"y":0.11157681792974472,"z":-0.012419587932527066,"w":0.9875859618186951},"size":46.606536865234378,"orthographic":true}