{"cameraMode":{"drawMode":0,"name":"Shaded","section":"Shading Mode"},"sceneLighting":true,"audioPlay":false,"sceneViewState":{"m_AlwaysRefresh":false,"showFog":true,"showSkybox":true,"showFlares":true,"showImageEffects":true,"showParticleSystems":true,"showVisualEffectGraphs":true,"m_FxEnabled":true},"in2DMode":false,"pivot":{"x":25.021350860595704,"y":3.437239408493042,"z":17.829042434692384},"rotation":{"x":0.14605779945850373,"y":0.6446738243103027,"z":-0.12732914090156556,"w":0.7394959926605225},"size":46.08234405517578,"orthographic":true}